film_id,date_sortie
tt11378946,No date found
tt10151854,"March 29, 2023"
tt3381008,"April 13, 2016"
tt0061722,"September 4, 1968"
tt27744786,No date found
tt2096673,"May 18, 2015"
tt0103112,"July 24, 1991"
tt3799232,"May 11, 2018"
tt28943278,"March 29, 2024"
tt0878804,"June 2, 2010"
tt0087363,"December 5, 1984"
tt3447590,"December 25, 2022"
tt14362112,"October 18, 2023"
tt0209958,"October 18, 2000"
tt1454029,"September 2, 2011"
tt0096754,"September 27, 1989"
tt0245574,"November 14, 2001"
tt0361748,"May 20, 2009"
tt9218128,"November 20, 2024"
tt0208092,"November 15, 2000"
tt0086066,"September 7, 1983"
tt3498820,"April 18, 2016"
tt4633690,"December 15, 2017"
tt10242388,"August 1, 2022"
tt8258502,No date found
tt9639470,"October 16, 2021"
tt16156616,"April 5, 2024"
tt0077975,"April 18, 1979"
tt30835128,No date found
tt1502397,"January 22, 2020"
tt1135985,"July 7, 2009"
tt0398808,"March 28, 2007"
tt5093026,"August 15, 2018"
tt21188080,No date found
tt28288786,"February 21, 2024"
tt2183014,"September 15, 2023"
tt2446980,"December 30, 2015"
tt0330373,"November 8, 2005"
tt1285016,"October 3, 2010"
tt26458038,"February 28, 2024"
tt4550098,"January 4, 2017"
tt1351685,"March 27, 2013"
tt17009710,"May 21, 2023"
tt1893256,"July 10, 2013"
tt0085995,"June 20, 1984"
tt0098063,"February 22, 2007"
tt0087263,No date found
tt0106246,"April 21, 1993"
tt22866358,No date found
tt1478338,"June 16, 2011"
tt4614584,"July 29, 2022"
tt3569230,"January 20, 2016"
tt0068646,"September 30, 1972"
tt0097576,"October 18, 1989"
tt0119643,"December 30, 1998"
tt0112950,"July 17, 1996"
tt0489099,"February 20, 2008"
tt0075860,"February 24, 1978"
tt13352968,"November 13, 2022"
tt0092099,September 1986
tt0209144,"September 7, 2000"
tt14060094,"February 23, 2022"
tt0368933,"October 20, 2004"
tt0108358,"February 16, 1994"
tt2953050,"November 24, 2021"
tt1219827,"March 21, 2017"
tt0259446,"February 5, 2003"
tt8079248,"June 13, 2019"
tt0090022,"December 11, 1985"
tt30007864,No date found
tt13887082,No date found
tt1289403,"June 13, 2018"
tt0212985,"February 28, 2001"
tt4003440,"May 14, 2018"
tt1959563,"August 23, 2017"
tt28066777,"February 2, 2024"
tt1398426,"September 16, 2015"
tt0338526,"May 5, 2004"
tt2403021,"September 5, 2015"
tt0070735,"April 17, 1974"
tt0443706,"May 17, 2007"
tt18816518,"May 22, 2022"
tt2283336,"June 12, 2019"
tt1133985,"August 10, 2011"
tt0418279,"July 25, 2007"
tt0268380,"June 26, 2002"
tt0117008,"April 9, 1997"
tt1355631,"September 2, 2016"
tt2660888,"August 17, 2016"
tt1798709,"March 19, 2014"
tt0265666,"March 13, 2002"
tt9731682,"August 11, 2021"
tt4263482,"June 11, 2016"
tt0070047,"September 11, 1974"
tt27431598,"February 15, 2024"
tt5950044,No date found
tt1618434,"June 14, 2019"
tt1182345,"September 12, 2009"
tt0080487,"May 4, 1983"
tt21957774,"March 15, 2024"
tt1071873,No date found
tt0376541,"January 19, 2005"
tt1077258,"August 14, 2007"
tt2910814,"February 4, 2015"
tt1636826,"March 14, 2012"
tt1675192,"May 15, 2011"
tt14537248,No date found
tt14852624,"December 8, 2023"
tt4972582,"January 9, 2017"
tt1527186,"May 18, 2011"
tt7557108,"September 29, 2021"
tt0115963,"July 24, 1996"
tt1454468,"October 22, 2013"
tt0119654,"August 6, 1997"
tt0082096,"February 17, 1982"
tt1245526,"November 17, 2010"
tt0089907,"May 15, 1985"
tt2948372,"October 14, 2020"
tt7991508,No date found
tt0458525,"April 29, 2009"
tt0829482,"October 31, 2007"
tt0073802,"November 21, 1975"
tt12712604,"January 24, 2024"
tt21235248,"April 10, 2024"
tt0106489,"April 20, 1994"
tt22687790,"September 13, 2023"
tt0258000,"April 24, 2002"
tt1270797,"October 10, 2018"
tt0077651,January 1979
tt0104348,September 1992
tt10872600,"December 15, 2021"
tt11389872,"May 8, 2024"
tt19853698,No date found
tt0265208,"December 29, 2004"
tt1961175,"September 20, 2017"
tt0119738,"September 11, 1997"
tt0247638,"October 24, 2001"
tt11866324,"August 5, 2022"
tt0181852,"August 6, 2003"
tt0251127,"June 11, 2003"
tt20255028,No date found
tt0844708,"April 22, 2009"
tt0106469,"August 25, 1993"
tt2229499,"December 25, 2013"
tt0113670,"November 3, 1999"
tt5726616,"October 21, 2017"
tt0070849,"December 15, 1972"
tt2283362,"December 5, 2017"
tt0234215,"May 15, 2003"
tt11908172,No date found
tt1591095,"April 26, 2011"
tt0311289,"October 29, 2003"
tt5525650,"March 28, 2024"
tt0108550,"April 6, 1994"
tt2015381,"August 13, 2014"
tt10954600,"February 15, 2023"
tt7504726,"February 19, 2020"
tt0078748,"September 12, 1979"
tt0120903,"August 16, 2000"
tt1170358,"December 11, 2013"
tt10655524,No date found
tt0432283,"January 23, 2010"
tt0104952,"May 20, 1992"
tt0047396,"April 1, 1955"
tt29114029,No date found
tt3896198,"April 26, 2017"
tt1217209,"July 1, 2012"
tt0121765,"May 16, 2002"
tt1517268,"July 19, 2023"
tt4827558,"October 17, 2018"
tt0368447,"August 18, 2004"
tt5073620,"August 1, 2017"
tt0083929,"March 30, 1983"
tt0408236,"January 16, 2008"
tt0109813,"July 20, 1994"
tt1860357,"October 12, 2016"
tt1321511,"January 1, 2014"
tt27218960,No date found
tt0045152,"September 11, 1953"
tt0120591,"August 5, 1998"
tt2131532,No date found
tt4925292,"February 28, 2018"
tt0137523,"November 10, 1999"
tt0335266,"November 22, 2003"
tt30851137,No date found
tt1877830,"March 2, 2022"
tt0892769,"March 31, 2010"
tt13314558,"August 12, 2022"
tt0120815,"September 5, 1998"
tt0172493,"March 29, 2000"
tt0047034,"March 15, 1957"
tt1535108,"August 14, 2013"
tt1723121,"September 18, 2013"
tt2674426,"June 22, 2016"
tt4477536,"February 6, 2018"
tt2395427,"April 22, 2015"
tt0449010,"December 20, 2006"
tt28355490,"March 14, 2024"
tt3231054,"May 4, 2016"
tt0054215,"November 2, 1960"
tt0062803,"March 21, 1969"
tt0067128,"November 3, 1971"
tt0093605,"November 9, 1988"
tt0089092,"March 5, 1986"
tt23173980,No date found
tt0346491,"January 5, 2005"
tt5478478,"March 14, 2018"
tt5715874,"May 22, 2017"
tt0120735,"October 28, 1998"
tt1638355,"September 11, 2015"
tt0097441,"April 25, 1990"
tt2310332,"December 2, 2014"
tt0119558,"January 14, 1998"
tt0246578,January 2002
tt4209788,"January 3, 2018"
tt0062711,"October 25, 1968"
tt8267604,"May 17, 2018"
tt20202136,No date found
tt0101921,"September 23, 1992"
tt0099653,"November 7, 1990"
tt0425210,"June 28, 2006"
tt0055928,"March 7, 1963"
tt15469092,No date found
tt1130884,"February 24, 2010"
tt0978764,"March 30, 2011"
tt0088286,"September 26, 1984"
tt0074486,September 1977
tt0187738,"June 19, 2002"
tt0040369,"August 4, 1948"
tt2381111,"December 15, 2015"
tt0401792,"May 18, 2005"
tt0415306,"February 9, 2016"
tt2582846,"August 20, 2014"
tt27657135,No date found
tt1386703,"August 15, 2012"
tt0088161,"October 24, 1984"
tt0314353,"July 23, 2003"
tt0052357,"December 12, 1958"
tt0090756,January 1987
tt0146882,"September 6, 2000"
tt5580390,"October 15, 2017"
tt0107616,"May 26, 1993"
tt6499752,"September 8, 2018"
tt11540468,No date found
tt0064115,"February 6, 1970"
tt9603208,"May 23, 2025"
tt1663662,"July 17, 2013"
tt0112442,"July 5, 1995"
tt4154664,"March 6, 2019"
tt2870612,"August 20, 2014"
tt7869070,"September 25, 2020"
tt0076759,September 1977
tt0348150,"July 12, 2006"
tt0097216,"May 19, 1989"
tt0053291,"September 9, 1959"
tt0049833,"January 17, 1958"
tt2848292,"April 28, 2015"
tt2322441,"February 11, 2015"
tt0098206,"January 3, 1990"
tt0404203,"September 5, 2006"
tt1019452,"January 20, 2010"
tt0071230,"December 11, 1974"
tt1282140,"June 15, 2011"
tt6587046,"October 17, 2023"
tt0454921,"January 31, 2007"
tt15789038,"May 27, 2023"
tt0101540,"March 18, 1992"
tt0075148,"March 25, 1977"
tt0119567,"September 12, 1997"
tt0096874,"December 20, 1989"
tt0109830,September 1994
tt3631112,"October 26, 2016"
tt0349205,"April 14, 2004"
tt0052618,May 1960
tt30321146,No date found
tt13521006,"April 26, 2023"
tt0150377,"April 5, 2000"
tt10362466,"December 22, 2020"
tt6108178,"June 13, 2018"
tt1396484,"September 9, 2017"
tt0368891,"December 22, 2004"
tt7939766,"September 4, 2020"
tt14923008,No date found
tt8105234,"June 9, 2023"
tt3110958,"July 27, 2016"
tt0118749,"March 18, 1998"
tt5886046,"February 27, 2019"
tt1070874,"October 16, 2020"
tt19637052,No date found
tt1411704,"July 3, 2011"
tt0097351,"September 1, 1989"
tt13186482,No date found
tt0118655,"September 7, 1997"
tt0938283,"July 10, 2010"
tt15257160,"October 27, 2023"
tt12672536,"March 23, 2023"
tt0114508,"September 1, 1995"
tt8002382,No date found
tt16606592,"May 17, 2023"
tt0120382,"September 12, 1998"
tt1588170,"January 29, 2011"
tt4602066,"September 19, 2018"
tt26596953,"September 27, 2023"
tt4225622,"October 13, 2017"
tt0319262,"May 26, 2004"
tt9005184,"September 4, 2022"
tt0246460,"November 20, 2002"
tt0155267,"September 22, 1999"
tt1648190,"August 9, 2017"
tt1386588,"October 27, 2010"
tt0469494,"February 27, 2008"
tt0113189,"December 20, 1995"
tt3799694,"May 15, 2016"
tt0373469,"May 14, 2005"
tt0366551,"March 15, 2007"
tt0115964,"May 17, 1996"
tt0808399,"April 14, 2010"
tt18272208,No date found
tt11827628,"July 29, 2022"
tt0113243,"August 25, 1998"
tt1700841,"November 30, 2016"
tt21830902,"February 9, 2024"
tt5034838,"April 21, 2021"
tt0765443,"November 7, 2007"
tt0449059,"September 4, 2006"
tt23289160,"December 7, 2023"
tt5779228,"July 17, 2024"
tt14209916,"March 15, 2023"
tt0119217,"March 4, 1998"
tt0102926,"April 10, 1991"
tt0374900,"December 21, 2004"
tt15671028,"June 21, 2023"
tt0974015,"November 15, 2017"
tt10869956,No date found
tt0066921,"April 21, 1972"
tt0093177,"February 24, 1988"
tt3748172,"September 29, 2017"
tt15398776,"July 11, 2023"
tt0289765,"October 30, 2002"
tt0076666,"April 5, 1978"
tt0215129,"October 18, 2000"
tt0185937,May 1999
tt1524515,No date found
tt0383574,"July 6, 2006"
tt22408160,No date found
tt3521164,"November 16, 2016"
tt14208870,"October 18, 2022"
tt7984766,"November 1, 2019"
tt1731141,"November 6, 2013"
tt2908446,"March 18, 2015"
tt9663896,"May 18, 2023"
tt0472043,"January 10, 2007"
tt0124298,"May 24, 2000"
tt1570728,"September 9, 2011"
tt0112508,"July 10, 2007"
tt2193215,"November 11, 2013"
tt4701182,"December 26, 2018"
tt0268126,"March 26, 2003"
tt0458339,"August 17, 2011"
tt22023218,No date found
tt1536537,"August 30, 2017"
tt6495056,"December 6, 2023"
tt0120784,"March 31, 1999"
tt1055369,"June 24, 2009"
tt5109784,"September 7, 2017"
tt2361509,"October 7, 2015"
tt8652728,"January 29, 2020"
tt0129167,"December 8, 1999"
tt1758692,"July 15, 2012"
tt0088933,"November 27, 1985"
tt0119978,"April 22, 1998"
tt4276820,"December 28, 2016"
tt28074691,No date found
tt1212450,"May 19, 2012"
tt1670345,"July 31, 2013"
tt0101414,"May 13, 1992"
tt0031381,"August 22, 1944"
tt0257106,"July 25, 2001"
tt0095953,"March 15, 1989"
tt0116209,"March 12, 1997"
tt0107653,"May 14, 1993"
tt13024674,"October 29, 2021"
tt0083833,September 1982
tt26787296,"October 25, 2023"
tt0054047,"February 1, 1961"
tt14253846,"September 23, 2022"
tt0080684,"August 20, 1980"
tt0103644,"August 26, 1992"
tt0377309,No date found
tt0278504,September 2002
tt1323594,"August 3, 2010"
tt1270798,"June 1, 2011"
tt10304142,"November 1, 2022"
tt8521778,"February 14, 2024"
tt14550346,"May 25, 2023"
tt15474916,"September 28, 2022"
tt0179116,"November 22, 2004"
tt10272386,"May 26, 2021"
tt4481414,"September 2, 2017"
tt3416742,"October 30, 2015"
tt4139588,"January 25, 2019"
tt0057193,"January 8, 1964"
tt14824590,"February 15, 2023"
tt0151804,"August 6, 2003"
tt0317705,"November 10, 2004"
tt0221027,"September 19, 2001"
tt6394270,"January 22, 2020"
tt0190332,"May 18, 2000"
tt15314262,No date found
tt0096446,"May 23, 1988"
tt13231544,"May 19, 2023"
tt10651230,"November 6, 2023"
tt0120912,"August 7, 2002"
tt13885428,No date found
tt0177789,"October 4, 2000"
tt0119008,"March 13, 1997"
tt1674782,"December 18, 2024"
tt14966898,"December 9, 2023"
tt0380510,"February 10, 2010"
tt19770238,"May 21, 2022"
tt9620288,"December 1, 2021"
tt1735898,"June 11, 2012"
tt1175709,"November 22, 2011"
tt0120888,"June 24, 1998"
tt0056172,"March 16, 1963"
tt21097228,No date found
tt0108160,"November 17, 1993"
tt9362722,"May 31, 2023"
tt1226837,"February 6, 2019"
tt0413300,"April 27, 2007"
tt13327038,"September 16, 2022"
tt0870984,"May 18, 2009"
tt9243804,"January 3, 2022"
tt0207201,"February 14, 2001"
tt4196776,"July 12, 2016"
tt26546123,No date found
tt19760052,"May 24, 2023"
tt0040308,"September 22, 1950"
tt0477348,"May 19, 2007"
tt5040012,No date found
tt0114681,"May 20, 1995"
tt0324216,"January 21, 2004"
tt9777666,"July 2, 2021"
tt21064584,"January 24, 2024"
tt0361620,"April 20, 2005"
tt1979376,"June 14, 2019"
tt2222042,"April 14, 2021"
tt15744298,"December 17, 2023"
tt19356262,"March 6, 2024"
tt12593682,"July 18, 2022"
tt12037194,"May 15, 2024"
tt0311429,"October 1, 2003"
tt1343727,"September 16, 2012"
tt0114898,"October 25, 1995"
tt0120915,"October 13, 1999"
tt8106534,"December 13, 2019"
tt6412452,"November 16, 2018"
tt5697572,"December 25, 2019"
tt6722400,No date found
tt0122718,"September 6, 1998"
tt0112431,"February 21, 1996"
tt10767052,"December 20, 2023"
tt13238346,"September 2, 2023"
tt9114286,"November 9, 2022"
tt0092890,"September 18, 1987"
tt0298130,"February 1, 2003"
tt1016150,"October 28, 2022"
tt0119396,"April 1, 1998"
tt0343818,"July 28, 2004"
tt26612950,"March 6, 2024"
tt0100405,"November 28, 1990"
tt3099498,"November 23, 2014"
tt27774989,No date found
tt2094116,No date found
tt12412888,"March 30, 2022"
tt21270966,No date found
tt1013752,"April 8, 2009"
tt5113044,"June 13, 2022"
tt8629748,"March 6, 2020"
tt0435705,"April 25, 2007"
tt2328900,"February 27, 2019"
tt8718158,"May 26, 2022"
tt0191397,No date found
tt2719848,"September 4, 2015"
tt0088939,May 1986
tt0286788,"July 23, 2003"
tt8080204,"May 26, 2023"
tt1571234,"December 12, 2018"
tt27550022,No date found
tt0082507,No date found
tt5580036,"January 15, 2018"
tt0033467,"July 3, 1946"
tt5433140,"May 17, 2023"
tt4881806,"June 6, 2018"
tt4465564,"February 8, 2017"
tt0088247,"April 24, 1985"
tt0486655,"October 24, 2007"
tt30769141,"March 15, 2024"
tt0120689,"March 1, 2000"
tt0114369,"January 31, 1996"
tt0087884,"May 19, 1984"
tt19244260,No date found
tt0235198,"March 6, 2002"
tt3501632,"October 25, 2017"
tt0091474,"April 9, 1987"
tt5215952,"May 18, 2016"
tt14124080,No date found
tt0084234,No date found
tt1745960,"May 18, 2022"
tt0086567,"May 19, 1983"
tt26736843,"June 5, 2024"
tt8359848,"May 13, 2018"
tt10128846,No date found
tt0086250,"March 7, 1984"
tt0093822,"May 11, 1987"
tt6924650,"November 6, 2019"
tt0084707,"March 30, 1983"
tt0382932,"July 8, 2007"
tt0058659,No date found
tt0072684,"September 8, 1976"
tt13143964,"October 23, 2020"
tt0088680,"May 12, 1986"
tt4779682,"August 22, 2018"
tt0458352,"September 9, 2006"
tt0356150,"September 7, 2004"
tt2333784,"August 7, 2014"
tt0098554,No date found
tt0166924,"May 16, 2001"
tt0307453,"October 13, 2004"
tt0118617,"February 4, 1998"
tt0112697,"April 10, 1996"
tt22004344,No date found
tt0116778,No date found
tt15679400,"January 29, 2023"
tt0038650,"July 28, 1948"
tt1436562,"April 13, 2011"
tt21979910,No date found
tt0114924,"August 16, 1995"
tt1189073,"May 19, 2011"
tt1528100,"December 24, 2014"
tt1453405,"July 10, 2013"
tt1596343,"May 4, 2011"
tt4996328,No date found
tt26047818,"January 24, 2024"
tt3470600,"January 21, 2017"
tt0145681,"January 26, 2000"
tt4262980,"December 10, 2017"
tt2179136,"February 18, 2015"
tt1560220,"October 30, 2019"
tt13141250,No date found
tt0457430,"May 27, 2006"
tt13321244,No date found
tt0045943,"October 16, 1953"
tt0411705,"May 16, 2004"
tt4731136,"February 15, 2017"
tt5727208,"January 31, 2020"
tt0080745,"January 28, 1981"
tt2267998,"October 8, 2014"
tt20415224,"April 24, 2024"
tt1411238,"February 16, 2011"
tt18363072,No date found
tt4116284,"February 1, 2017"
tt1375666,"July 21, 2010"
tt3704428,"May 25, 2022"
tt0088323,"November 21, 1984"
tt0083658,"September 15, 1982"
tt0450278,"January 27, 2006"
tt6968614,"May 12, 2023"
tt1219289,"June 8, 2011"
tt0330793,"June 9, 2004"
tt9201772,No date found
tt2345759,"May 30, 2017"
tt1259528,"February 21, 2018"
tt0120655,"May 21, 1999"
tt1950186,"November 13, 2019"
tt0446029,"December 1, 2010"
tt4975722,"February 1, 2017"
tt9100018,"November 8, 2023"
tt0062622,"September 27, 1968"
tt10676052,No date found
tt0088763,"October 30, 1985"
tt7713068,"February 5, 2020"
tt0108399,"November 3, 1993"
tt1298650,"May 14, 2011"
tt12004038,"September 3, 2022"
tt14539740,"April 3, 2024"
tt1276104,"October 30, 2012"
tt27546190,"May 18, 2023"
tt3774694,"May 20, 2015"
tt0315327,"September 3, 2003"
tt0101605,"August 28, 1991"
tt0077631,"October 3, 1978"
tt22987820,"March 29, 2024"
tt0955308,"May 12, 2010"
tt19864802,No date found
tt0251075,"July 18, 2001"
tt0299658,"February 26, 2003"
tt9682428,"January 4, 2024"
tt0107050,"June 22, 1994"
tt15078804,No date found
tt2103267,"April 3, 2013"
tt0295178,"October 23, 2002"
tt28182736,No date found
tt29372176,No date found
tt13287846,"November 14, 2023"
tt3235888,"May 17, 2014"
tt5052474,"June 27, 2018"
tt1086772,"September 12, 2014"
tt0055047,"February 2, 1962"
tt0075314,"May 20, 1976"
tt15799866,"December 29, 2023"
tt1477834,"December 19, 2018"
tt1189340,"May 25, 2011"
tt27047903,No date found
tt7392014,No date found
tt16311594,No date found
tt0078935,"April 22, 1981"
tt31189868,"April 5, 2024"
tt11286314,"December 13, 2021"
tt0109506,"August 3, 1994"
tt20234774,"January 31, 2024"
tt0090555,"February 4, 1987"
tt0097493,"July 31, 1991"
tt0092995,"March 11, 1987"
tt3463938,No date found
tt11145118,"March 1, 2023"
tt0067093,"December 1, 1971"
tt0094761,"February 1, 1989"
tt1781769,"December 5, 2012"
tt0120669,"May 15, 1998"
tt19890316,No date found
tt1231587,"October 6, 2010"
tt0093437,"January 13, 1988"
tt4765284,"December 22, 2017"
tt0831387,"May 14, 2014"
tt25568296,No date found
tt0111161,"March 1, 1995"
tt15140278,"September 10, 2023"
tt0265651,"January 12, 2006"
tt14145436,No date found
tt0327679,"May 11, 2005"
tt0050976,"May 15, 1957"
tt31510396,No date found
tt6857112,"March 20, 2019"
tt0357413,"May 18, 2005"
tt9198364,"May 20, 2022"
tt10168670,"November 23, 2022"
tt20215968,No date found
tt0119167,"May 14, 1997"
tt0068473,"September 20, 1972"
tt6533240,"November 6, 2019"
tt6472976,"March 22, 2019"
tt0047478,"November 30, 1955"
tt12545566,No date found
tt1790885,"January 23, 2013"
tt9742794,"March 3, 2021"
tt0884328,"February 27, 2008"
tt0429493,"June 16, 2010"
tt0309987,"November 11, 2003"
tt14114802,"November 18, 2022"
tt14647404,No date found
tt6208148,"March 20, 2025"
tt20115766,No date found
tt12530246,"December 9, 2022"
tt3640424,"November 23, 2016"
tt10954984,"August 10, 2022"
tt1605783,"May 11, 2011"
tt0129387,"November 10, 1998"
tt0096438,"October 18, 1988"
tt0114814,May 1995
tt0163978,"February 16, 2000"
tt0083907,"May 16, 1982"
tt1312221,No date found
tt8239946,"September 4, 2019"
tt4786282,"August 24, 2016"
tt0108333,"February 2, 1994"
tt13872248,"October 9, 2021"
tt0405325,"July 29, 2005"
tt26655108,No date found
tt0267913,"July 10, 2002"
tt0111282,"February 1, 1995"
tt0056058,"May 15, 1963"
tt0118688,"July 9, 1997"
tt0092240,"June 18, 1989"
tt0264464,"January 28, 2003"
tt0116367,"June 26, 1996"
tt1074638,"October 24, 2012"
tt0119174,"November 5, 1997"
tt14088510,"May 8, 2024"
tt1253863,"March 5, 2014"
tt1028528,"May 22, 2007"
tt23319892,No date found
tt0067992,"September 15, 1971"
tt22022452,No date found
tt0082186,"July 8, 1981"
tt0083564,"October 27, 1982"
tt28225049,No date found
tt15574270,No date found
tt0277434,"April 17, 2002"
tt1980929,"July 30, 2014"
tt10944760,"July 13, 2021"
tt0292963,"September 7, 2007"
tt6644200,"June 20, 2018"
tt0903624,"December 12, 2012"
tt0795421,"September 10, 2008"
tt6998518,"May 12, 2018"
tt7144666,"June 22, 2022"
tt0800039,"June 18, 2008"
tt0232500,"September 26, 2001"
tt0086960,"March 27, 1985"
tt1542344,"February 23, 2011"
tt4513678,"December 1, 2021"
tt0073580,"May 14, 1975"
tt1615160,"November 8, 2017"
tt5311514,"December 28, 2016"
tt0379786,"September 3, 2005"
tt0363163,"January 5, 2005"
tt0117998,"August 21, 1996"
tt2076822,"July 27, 2021"
tt13375076,"May 10, 2023"
tt4291600,"December 12, 2016"
tt1809398,"January 7, 2015"
tt0790636,"January 29, 2014"
tt23330554,No date found
tt14230388,"May 23, 2023"
tt14570440,No date found
tt0259324,"February 21, 2007"
tt1136608,"September 5, 2009"
tt0091445,No date found
tt0172495,"June 20, 2000"
tt0119698,"January 12, 2000"
tt0091042,"December 17, 1986"
tt0145487,"June 12, 2002"
tt3291150,"October 11, 2023"
tt6398184,"September 25, 2019"
tt0800080,"July 23, 2008"
tt0120685,May 1998
tt0095327,"June 19, 1996"
tt0056592,"May 18, 1963"
tt1038686,"March 24, 2010"
tt1345836,"July 25, 2012"
tt0116287,"June 24, 1998"
tt1037705,"January 20, 2010"
tt22050754,"May 15, 2024"
tt0385002,"May 31, 2006"
tt26861992,"February 23, 2024"
tt1872181,"April 11, 2014"
tt0080455,"November 7, 1980"
tt2042568,"May 19, 2013"
tt1160419,"September 10, 2021"
tt0480249,"December 19, 2007"
tt0120484,"June 16, 1999"
tt11762114,"January 10, 2024"
tt0071315,"December 18, 1974"
tt0209163,"May 23, 2001"
tt13433802,No date found
tt31189901,No date found
tt0435625,"October 7, 2005"
tt7737224,No date found
tt7766378,No date found
tt1399103,"June 29, 2011"
tt21276878,"August 25, 2023"
tt24068064,"August 16, 2023"
tt0099348,"February 20, 1991"
tt5814060,"September 19, 2018"
tt0456554,"March 7, 2007"
tt3371366,"June 28, 2017"
tt0099422,"September 26, 1990"
tt0362227,"September 4, 2004"
tt0096283,February 1992
tt0093748,"March 16, 1988"
tt0114682,"December 4, 1996"
tt0245712,"May 14, 2000"
tt11003218,"September 5, 2021"
tt0064505,"January 14, 1970"
tt1598778,"November 9, 2011"
tt6479178,"February 1, 2022"
tt1320253,"August 5, 2010"
tt0365686,"September 28, 2005"
tt20420628,No date found
tt2278871,"May 23, 2013"
tt29319990,No date found
tt0120762,"November 25, 1998"
tt0088930,"May 7, 1986"
tt0480025,"July 6, 2007"
tt0348333,No date found
tt2488496,"December 16, 2015"
tt0422720,"May 24, 2006"
tt0074958,"March 16, 1977"
tt3915174,"December 7, 2022"
tt0088794,No date found
tt0289043,"January 30, 2003"
tt7738330,No date found
tt1291150,"October 15, 2014"
tt0036775,"July 31, 1946"
tt11426232,No date found
tt2406566,"August 16, 2017"
tt0365748,"July 27, 2005"
tt0816692,"October 31, 2014"
tt0499549,"December 16, 2009"
tt13380324,No date found
tt0095705,"March 1, 1989"
tt0084522,"August 18, 1982"
tt19500164,"June 14, 2023"
tt0082694,"August 11, 1982"
tt0830515,"October 29, 2008"
tt9620292,"May 26, 2021"
tt0076729,"December 21, 1977"
tt27075304,No date found
tt30215084,"February 16, 2024"
tt7131622,"May 21, 2019"
tt7510222,No date found
tt0486822,"August 22, 2007"
tt13400336,"May 25, 2023"
tt10919380,"June 23, 2021"
tt16233952,"December 9, 2022"
tt11563598,No date found
tt0187393,"July 12, 2000"
tt0101272,"April 15, 1992"
tt4873118,"June 23, 2023"
tt0449088,"May 23, 2007"
tt10293406,"October 14, 2021"
tt4978420,"August 7, 2024"
tt11097384,"March 1, 2024"
tt0092513,"July 6, 1988"
tt2305051,"January 14, 2015"
tt12801262,"June 17, 2021"
tt2194499,"October 4, 2013"
tt13841850,May 2022
tt2316204,"May 8, 2017"
tt20561198,No date found
tt15771916,No date found
tt22805652,No date found
tt1262426,No date found
tt5164214,"June 13, 2018"
tt8946378,"November 27, 2019"
tt9421570,"October 1, 2021"
tt10275534,"April 26, 2023"
tt4589218,"November 8, 2023"
tt0106226,"September 22, 1993"
tt14270702,"January 27, 2024"
tt3181822,"May 20, 2015"
tt1010048,"January 14, 2009"
tt0139654,"November 7, 2001"
tt4123430,"November 8, 2018"
tt13149356,"May 20, 2022"
tt0142342,"September 22, 1999"
tt1091191,"January 1, 2014"
tt0468569,"August 13, 2008"
tt8110652,"January 9, 2023"
tt15000156,"May 21, 2023"
tt0082348,"May 23, 1981"
tt13269536,"June 5, 2021"
tt6722802,"February 15, 2023"
tt16374352,No date found
tt0054698,"December 6, 1961"
tt7405458,"February 1, 2023"
tt0964517,"March 9, 2011"
tt8936646,"April 24, 2020"
tt0073195,"January 28, 1976"
tt0200550,"November 1, 2000"
tt0257044,"September 1, 2002"
tt12873562,"August 24, 2022"
tt0302886,"August 13, 2003"
tt0093493,"January 29, 2004"
tt2140479,"November 2, 2016"
tt6467266,"December 22, 2021"
tt2704998,"April 18, 2018"
tt0187078,"August 23, 2000"
tt2184339,"August 7, 2013"
tt0322259,"June 18, 2003"
tt0082377,"October 7, 1981"
tt0814255,"February 10, 2010"
tt0327137,"February 18, 2004"
tt0104257,"December 16, 1992"
tt6263850,"July 24, 2024"
tt0110413,"September 14, 1994"
tt1292566,"March 2, 2016"
tt0112462,"July 10, 1995"
tt7888964,"June 2, 2021"
tt0086465,"November 16, 1983"
tt2788710,"January 28, 2015"
tt0983193,"October 23, 2011"
tt0359950,"January 1, 2014"
tt4016934,"May 14, 2016"
tt16101924,No date found
tt3783958,"January 10, 2017"
tt23849204,No date found
tt0046247,"December 4, 1953"
tt0337741,"February 4, 2004"
tt0103786,"June 24, 1992"
tt15325794,"December 7, 2022"
tt12262116,"August 5, 2022"
tt26926267,"May 9, 2024"
tt9893250,"February 19, 2021"
tt2820852,"April 1, 2015"
tt2883512,"September 7, 2014"
tt0120663,"September 2, 1999"
tt2224026,"April 15, 2015"
tt1190080,"November 11, 2009"
tt0162222,"January 17, 2001"
tt1124035,"October 26, 2011"
tt0328538,"September 8, 2003"
tt6856242,"December 29, 2021"
tt0089841,"January 8, 1986"
tt0109424,"March 22, 1995"
tt15268244,"July 5, 2023"
tt0114436,"January 10, 1996"
tt21626284,No date found
tt1660648,No date found
tt0116922,"January 15, 1997"
tt14472156,No date found
tt0091369,"December 3, 1986"
tt6920084,"November 19, 2021"
tt15354916,"September 7, 2023"
tt7282468,"May 16, 2018"
tt0328107,"October 13, 2004"
tt2203939,"June 14, 2014"
tt0363771,"December 21, 2005"
tt2274648,"May 8, 2019"
tt10676048,"November 8, 2023"
tt14463484,"February 4, 2022"
tt11198810,"November 23, 2022"
tt0116996,"February 26, 1997"
tt0091225,"December 10, 1986"
tt14549466,"May 23, 2022"
tt30259532,"April 5, 2024"
tt0089530,"September 25, 1985"
tt0790724,"December 26, 2012"
tt4919268,"June 5, 2024"
tt5442430,"April 19, 2017"
tt17490712,No date found
tt0087182,"February 6, 1985"
tt0195685,"April 26, 2000"
tt26943420,No date found
tt22890246,"May 19, 2023"
tt1846589,"December 12, 2018"
tt7527682,No date found
tt0254686,"May 14, 2001"
tt0195714,"July 12, 2000"
tt0092675,"July 27, 1988"
tt0109254,"August 17, 1994"
tt8368512,"June 23, 2021"
tt6628394,"November 7, 2018"
tt1951264,"November 27, 2013"
tt1491044,"June 5, 2013"
tt22048412,No date found
tt1051906,"February 26, 2020"
tt6791350,"April 22, 2023"
tt0094012,"October 14, 1987"
tt0120889,"December 2, 1998"
tt0107048,"July 28, 1993"
tt3397884,"May 19, 2015"
tt2066051,"May 16, 2019"
tt26658104,"March 6, 2024"
tt1790809,"May 24, 2017"
tt6806448,"August 7, 2019"
tt1645170,"June 20, 2012"
tt0094737,"August 10, 1988"
tt0359013,"December 8, 2004"
tt0758746,"February 11, 2009"
tt0090655,"July 23, 1986"
tt31314185,"February 27, 2024"
tt0126029,"May 12, 2001"
tt11057302,"February 14, 2024"
tt0114709,"March 27, 1996"
tt9362930,"August 16, 2023"
tt20672356,No date found
tt0414387,"October 7, 2005"
tt0072431,"August 13, 1975"
tt2245084,"January 16, 2015"
tt11871074,No date found
tt1840309,"April 9, 2014"
tt0133152,"August 22, 2001"
tt1229822,"June 13, 2012"
tt0079944,"May 13, 1980"
tt1790864,"October 15, 2014"
tt15392282,"January 12, 2024"
tt8580274,"June 26, 2020"
tt0068699,"August 23, 1973"
tt1517451,"October 3, 2018"
tt0097757,"May 20, 1990"
tt27139468,No date found
tt5761544,"August 3, 2023"
tt21261712,"April 24, 2024"
tt0947798,"February 9, 2011"
tt0435651,"October 29, 2014"
tt0092718,"July 27, 1988"
tt8110640,"September 27, 2019"
tt1655460,"May 30, 2012"
tt1853728,"January 7, 2013"
tt0060232,"September 15, 1966"
tt7798634,"August 28, 2019"
tt5613484,"April 24, 2019"
tt0118615,"June 25, 1997"
tt18259086,"December 18, 2024"
tt0120696,"May 6, 1998"
tt26084002,No date found
tt11245972,"January 12, 2022"
tt3846674,"August 17, 2018"
tt21692408,"March 27, 2024"
tt1855199,"November 14, 2012"
tt1690953,"June 16, 2013"
tt10786774,No date found
tt1599348,"February 22, 2012"
tt0061512,"December 1, 1967"
tt9054192,"October 1, 2021"
tt1860242,"March 29, 2019"
tt1979320,"September 25, 2013"
tt3464902,"May 15, 2015"
tt0156887,"September 8, 1999"
tt2404233,"April 6, 2016"
tt6048922,"July 10, 2020"
tt1156398,"November 25, 2009"
tt0120616,"July 21, 1999"
tt10648342,"July 13, 2022"
tt29301456,No date found
tt0421715,"February 4, 2009"
tt5433138,"July 14, 2021"
tt17277414,"May 16, 2023"
tt0343660,"June 30, 2004"
tt8097030,"March 11, 2022"
tt2802144,"February 18, 2015"
tt21106646,"August 19, 2022"
tt2191701,"September 11, 2013"
tt0106677,"June 6, 2006"
tt3083016,No date found
tt0100802,"October 17, 1990"
tt1817273,"March 20, 2013"
tt10370812,"May 22, 2023"
tt0098084,"January 17, 1990"
tt0119313,"September 23, 1998"
tt27028399,"March 15, 2024"
tt1389137,"April 18, 2012"
tt1695843,"July 26, 2023"
tt0196229,"January 2, 2002"
tt0963794,"June 11, 2008"
tt0120746,"September 12, 1998"
tt0275022,"April 3, 2002"
tt0046268,"April 15, 1953"
tt1172049,"March 19, 2016"
tt5776858,"February 14, 2018"
tt14039582,"July 11, 2021"
tt0378194,"May 16, 2004"
tt0382625,"May 17, 2006"
tt0024216,"September 29, 1933"
tt6723592,"August 24, 2020"
tt1650062,"July 9, 2011"
tt10366206,"March 22, 2023"
tt10365998,No date found
tt2084970,"November 14, 2014"
tt0238380,"July 9, 2003"
tt0084787,"November 3, 1982"
tt14833464,"February 14, 2024"
tt31378509,No date found
tt21807222,"October 25, 2023"
tt3289956,"January 28, 2017"
tt0266697,"November 4, 2003"
tt1020530,"October 8, 2008"
tt4160708,"October 5, 2016"
tt0473075,"May 26, 2010"
tt0350261,"September 5, 2005"
tt16360004,No date found
tt9603212,"July 12, 2023"
tt0089218,"December 4, 1985"
tt0077394,"August 16, 1978"
tt2293640,"July 8, 2015"
tt9466114,No date found
tt0101507,"May 13, 1991"
tt1465522,"April 24, 2011"
tt0088846,"February 20, 1985"
tt11358390,"May 31, 2023"
tt0065207,"March 12, 1969"
tt9243946,"October 11, 2019"
tt0103772,"May 7, 1992"
tt3758542,"March 8, 2024"
tt0337876,"September 9, 2004"
tt1727776,"January 10, 2016"
tt13957560,"November 29, 2023"
tt0387564,"January 29, 2005"
tt23047172,"October 28, 2023"
tt0069704,"March 20, 1974"
tt0080339,"September 24, 1980"
tt5649144,"May 22, 2017"
tt2109248,"July 16, 2014"
tt2404463,"August 21, 2013"
tt0106697,"February 2, 1994"
tt0356910,"July 27, 2005"
tt1464540,"April 6, 2011"
tt21103300,No date found
tt0017136,"February 6, 1927"
tt20112746,No date found
tt1136617,"November 10, 2023"
tt1262416,"April 13, 2011"
tt22939186,No date found
tt0110442,No date found
tt0097165,September 1989
tt1232829,"June 6, 2012"
tt0988595,"April 23, 2008"
tt27550567,No date found
tt2638144,"September 7, 2016"
tt0470752,"June 3, 2015"
tt11083552,"June 16, 2021"
tt0054189,"March 10, 1960"
tt0108071,"April 6, 1994"
tt6320628,"July 3, 2019"
tt1229238,"December 14, 2011"
tt13927994,"December 22, 2023"
tt0088128,"August 15, 1984"
tt0253474,"May 24, 2002"
tt1187064,"September 19, 2009"
tt0407304,"June 17, 2005"
tt0092644,"August 26, 1987"
tt1001526,No date found
tt15239678,"February 28, 2024"
tt0332452,"May 13, 2004"
tt18083578,No date found
tt1298644,"July 17, 2019"
tt7456310,"July 10, 2019"
tt0125439,"August 18, 1999"
tt0204946,"May 2, 2001"
tt2250912,"July 12, 2017"
tt3553976,"May 17, 2016"
tt0460829,"February 7, 2007"
tt14227048,"November 30, 2023"
tt2397535,"November 23, 2014"
tt22016156,"February 16, 2024"
tt0358273,"February 15, 2006"
tt0183790,"November 14, 2001"
tt15782690,No date found
tt6718170,"April 5, 2023"
tt4912910,"July 12, 2018"
tt0086190,"October 19, 1983"
tt1748179,"April 11, 2014"
tt2380307,"November 14, 2017"
tt1191111,"May 22, 2009"
tt21942866,"December 27, 2023"
tt14444726,"January 25, 2023"
tt29623480,"October 9, 2024"
tt0072308,"March 12, 1975"
tt7126948,"December 25, 2020"
tt0435761,"July 14, 2010"
tt14948432,No date found
tt0109686,"June 14, 1995"
tt0976051,"July 11, 2009"
tt9224104,"August 2, 2023"
tt6443346,"October 19, 2022"
tt0106918,"September 15, 1993"
tt9764362,"October 22, 2022"
tt2463208,"March 11, 2022"
tt6264654,"August 11, 2021"
tt0349683,"August 4, 2004"
tt11813216,"October 22, 2022"
tt1234721,"February 5, 2014"
tt4154756,"April 25, 2018"
tt16428256,"April 12, 2023"
tt0087538,"September 26, 1984"
tt0443453,"November 15, 2006"
tt0384537,"April 26, 2006"
tt1379182,"May 18, 2009"
tt0110632,"September 21, 1994"
tt15153532,"November 29, 2023"
tt13097932,"February 3, 2024"
tt23468450,No date found
tt0497465,"May 17, 2008"
tt26658272,No date found
tt0110478,"August 3, 1994"
tt0335345,"March 31, 2004"
tt0388285,"February 16, 2006"
tt0091790,"June 4, 1986"
tt0074812,"December 22, 1976"
tt6259380,"January 14, 2020"
tt14846026,"April 10, 2023"
tt2582782,"May 16, 2016"
tt11271038,"January 5, 2022"
tt8864596,No date found
tt6966692,"January 23, 2019"
tt7959138,No date found
tt7985704,"April 7, 2023"
tt1028532,"June 9, 2010"
tt0067116,"January 14, 1972"
tt7322224,"May 21, 2022"
tt0077413,"October 27, 1978"
tt0082089,"February 24, 1982"
tt0105112,"October 21, 1992"
tt10886166,"June 9, 2020"
tt0047377,"February 11, 1955"
tt23638614,No date found
tt17351924,"December 22, 2023"
tt0247745,No date found
tt18925334,"April 9, 2023"
tt1657507,"June 25, 2011"
tt1430132,"July 24, 2013"
tt13405778,"July 5, 2023"
tt0090728,"September 3, 1986"
tt1302006,"October 15, 2019"
tt0062185,"April 3, 1968"
tt3315342,"March 1, 2017"
tt0496806,"May 24, 2007"
tt1683526,"September 9, 2011"
tt0056937,"October 25, 1963"
tt0286106,"October 16, 2002"
tt0425112,"June 21, 2007"
tt1034415,"November 14, 2018"
tt0181875,"March 21, 2001"
tt3566834,No date found
tt0409459,"March 4, 2009"
tt12261776,"March 15, 2023"
tt13320622,"April 20, 2022"
tt0169547,"February 2, 2000"
tt0120855,"November 24, 1999"
tt8337264,"December 15, 2023"
tt3076658,"January 13, 2016"
tt3794354,"February 12, 2020"
tt19358036,No date found
tt21810682,No date found
tt1335975,"April 2, 2014"
tt0102138,"January 29, 1992"
tt1104001,"February 9, 2011"
tt11274492,"July 7, 2023"
tt0043014,"April 20, 1951"
tt0088944,"February 5, 1986"
tt8633478,"August 18, 2021"
tt19406606,No date found
tt0118789,"September 9, 1998"
tt1905041,"May 22, 2013"
tt0096320,"March 22, 1989"
tt22334258,No date found
tt11655202,"September 10, 2021"
tt0347149,"January 12, 2005"
tt0094291,"February 10, 1988"
tt13923084,No date found
tt0080120,"August 27, 1980"
tt12024308,No date found
tt0096163,"December 20, 1989"
tt0343737,"July 4, 2007"
tt11214590,"November 24, 2021"
tt4669296,"December 8, 2018"
tt0959337,"January 21, 2009"
tt0063522,"October 17, 1968"
tt0091064,January 1987
tt10245072,No date found
tt0106519,"March 23, 1994"
tt5884796,"January 25, 2023"
tt0109040,"March 29, 1995"
tt0443680,"September 3, 2007"
tt30970235,No date found
tt2005151,"September 11, 2016"
tt15334488,No date found
tt0988045,"February 3, 2010"
tt0463854,"August 26, 2007"
tt0063518,"September 25, 1968"
tt0118884,September 1997
tt18394190,"October 20, 2023"
tt18938922,No date found
tt16277242,"October 16, 2023"
tt0056869,"May 9, 1963"
tt2771200,"March 22, 2017"
tt0080678,January 1981
tt0369610,"May 29, 2015"
tt0309593,"April 9, 2003"
tt1340138,"July 1, 2015"
tt1300854,"April 14, 2013"
tt3864056,"September 18, 2019"
tt0146316,"June 27, 2001"
tt2024544,"January 22, 2014"
tt12964320,"January 12, 2024"
tt0079501,"January 13, 1982"
tt0070121,"May 10, 1973"
tt1355644,"December 28, 2016"
tt0055614,"March 3, 1962"
tt5672290,"April 10, 2024"
tt1823672,"March 4, 2015"
tt5638642,"February 9, 2018"
tt23137390,"March 20, 2024"
tt1148204,"September 15, 2009"
tt0139134,"June 23, 1999"
tt5503686,"October 16, 2019"
tt15837338,"October 11, 2023"
tt1707386,"February 13, 2013"
tt2975590,"March 23, 2016"
tt1259521,"May 2, 2012"
tt0073650,"November 22, 1975"
tt0106912,"June 30, 2020"
tt0090605,September 1986
tt14764464,"February 28, 2024"
tt0439815,"April 19, 2006"
tt4500922,"February 7, 2018"
tt1001520,"August 23, 2023"
tt2935622,"October 19, 2022"
tt0876563,"April 8, 2009"
tt2103281,"July 30, 2014"
tt0293429,"May 12, 2021"
tt9376612,"September 1, 2021"
tt28366692,No date found
tt1014759,"March 24, 2010"
tt0317740,"September 12, 2003"
tt0454876,"December 19, 2012"
tt0421239,"October 26, 2005"
tt0452623,"September 5, 2007"
tt14230458,"January 17, 2024"
tt3741700,"May 29, 2019"
tt14561712,"May 26, 2023"
tt0918940,"July 6, 2016"
tt0121766,"May 16, 2005"
tt11847410,"February 24, 2022"
tt0838283,"November 19, 2008"
tt0272338,"May 19, 2002"
tt0100935,"May 19, 1990"
tt0426592,"June 4, 2008"
tt0119094,"September 7, 1997"
tt0094898,"August 24, 1988"
tt0405094,"November 19, 2006"
tt0338013,"September 9, 2004"
tt1431045,"February 8, 2016"
tt0327056,"May 23, 2003"
tt0100814,"May 23, 1990"
tt7139936,"September 6, 2019"
tt3410834,"March 9, 2016"
tt0116361,April 1997
tt9051908,"October 9, 2022"
tt0045061,"November 7, 1952"
tt0887912,"September 23, 2009"
tt8589698,"August 9, 2023"
tt1659337,"January 2, 2013"
tt0088011,"July 4, 1984"
tt0437954,"July 23, 2008"
tt0107943,"February 23, 1994"
tt3829266,"October 11, 2018"
tt2120120,"July 22, 2015"
tt5117670,"April 4, 2018"
tt0120917,"March 28, 2001"
tt0056687,"May 11, 1963"
tt23724546,No date found
tt0108052,"March 2, 1994"
tt0104070,"December 23, 1992"
tt0093773,"August 19, 1987"
tt0118694,"May 20, 2000"
tt0120863,"February 24, 1999"
tt7556122,"July 10, 2020"
tt0114614,"July 12, 1995"
tt13429870,"May 20, 2023"
tt14152882,"March 29, 2024"
tt0405422,"September 4, 2005"
tt0328589,"March 3, 2004"
tt11951276,No date found
tt7547410,"August 14, 2019"
tt1403865,"February 23, 2011"
tt0118799,May 1998
tt0134119,"March 8, 2000"
tt1032755,"November 19, 2008"
tt27802490,"September 12, 2024"
tt0112864,"August 2, 1995"
tt1340094,"June 5, 2024"
tt0368226,No date found
tt8542964,No date found
tt22041854,"January 3, 2024"
tt0463985,"July 19, 2006"
tt21279806,"April 5, 2024"
tt2316548,"May 5, 2023"
tt0268695,"March 27, 2002"
tt1673434,"November 14, 2012"
tt10155932,"September 3, 2021"
tt1321510,"June 23, 2021"
tt6710474,"August 31, 2022"
tt1675434,"November 2, 2011"
tt0298148,"May 15, 2004"
tt0167261,"December 10, 2002"
tt5537002,"May 20, 2023"
tt5323662,"June 12, 2017"
tt0087332,"December 12, 1984"
tt2267968,"March 30, 2016"
tt1392190,"May 14, 2015"
tt0181865,"March 7, 2001"
tt0309698,"September 6, 2003"
tt0099685,"September 12, 1990"
tt0144117,"January 21, 2000"
tt0117571,"July 16, 1997"
tt21800162,"February 7, 2024"
tt1125849,"February 18, 2009"
tt0349825,"January 9, 2008"
tt0090270,No date found
tt0107290,"October 20, 1993"
tt0815236,"June 23, 2010"
tt5691670,"May 15, 2018"
tt12477480,"May 23, 2022"
tt1638002,"November 4, 2015"
tt0482572,"December 3, 2008"
tt8041270,"June 8, 2022"
tt0120755,"July 26, 2000"
tt0418832,"February 14, 2006"
tt0133093,"June 23, 1999"
tt7160372,"May 19, 2023"
tt0104694,"November 18, 1992"
tt21909764,"June 8, 2023"
tt1568346,"January 18, 2012"
tt3155298,"March 10, 2023"
tt0338751,"January 26, 2005"
tt0105793,"October 28, 1992"
tt0816711,"June 15, 2013"
tt0320661,"May 4, 2005"
tt0083866,"May 26, 1982"
tt3460252,"December 11, 2015"
tt0765429,"November 14, 2007"
tt3281548,"January 1, 2020"
tt0120737,"December 19, 2001"
tt0416449,"March 21, 2007"
tt3011894,"May 17, 2014"
tt0780521,"January 27, 2010"
tt0375912,"April 7, 2005"
tt27503384,"May 25, 2023"
tt12672620,"December 10, 2023"
tt0157503,"February 2, 2000"
tt2106476,"May 20, 2012"
tt2873282,"April 4, 2018"
tt0106627,No date found
tt0290334,"April 30, 2003"
tt0058331,"September 15, 1965"
tt0791304,"October 2, 2008"
tt0783233,"October 5, 2007"
tt7711170,"December 1, 2020"
tt1355683,"November 25, 2015"
tt4495098,"August 9, 2023"
tt0110148,"December 21, 1994"
tt0104691,"August 26, 1992"
tt0256380,"March 6, 2002"
tt0274812,"September 4, 2002"
tt13651794,"May 20, 2023"
tt2119532,"November 9, 2016"
tt8378126,"October 2, 2019"
tt1259571,"November 18, 2009"
tt0377818,"August 24, 2005"
tt0830558,"January 17, 2017"
tt0351283,"June 12, 2005"
tt0399146,"May 16, 2005"
tt0345950,"February 9, 2005"
tt0087803,"November 14, 1984"
tt0122690,"November 25, 1998"
tt7032958,No date found
tt0070239,"November 21, 1973"
tt20969586,May 2025
tt0096734,"July 12, 2007"
tt6334354,"July 28, 2021"
tt0375063,"February 9, 2005"
tt1255953,"November 27, 2010"
tt5362988,"May 20, 2017"
tt1649419,"November 21, 2012"
tt3450958,"July 17, 2017"
tt0477347,"January 19, 2007"
tt9032400,"November 3, 2021"
tt0061852,"December 11, 1968"
tt15433956,"January 12, 2024"
tt0116695,"March 5, 1997"
tt13397574,No date found
tt7349662,"May 14, 2018"
tt10731256,"September 10, 2022"
tt0093010,"January 27, 1988"
tt11365186,"October 19, 2022"
tt0066026,"May 12, 1970"
tt1000774,"May 28, 2008"
tt3170832,"December 14, 2015"
tt0316654,"July 14, 2004"
tt21454134,No date found
tt12584954,No date found
tt11564570,"December 23, 2022"
tt0087469,"September 12, 1984"
tt27911000,No date found
tt0275847,"June 22, 2002"
tt14109724,"October 5, 2022"
tt0388795,"October 23, 2005"
tt0457939,"December 27, 2006"
tt0439572,"June 14, 2023"
tt8051894,No date found
tt9660502,"May 26, 2022"
tt1120985,"May 18, 2010"
tt0095497,"September 28, 1988"
tt2386490,"February 6, 2019"
tt0100150,"February 27, 1991"
tt1038988,"April 23, 2008"
tt4364194,"September 11, 2019"
tt28151876,No date found
tt19850008,No date found
tt0089489,"September 18, 1985"
tt12921446,"October 11, 2023"
tt0993846,"December 9, 2013"
tt0090329,"May 8, 1985"
tt7599146,"November 15, 2023"
tt0103639,"November 10, 1993"
tt0107977,"December 15, 1993"
tt1615147,"March 31, 2012"
tt0364725,"September 22, 2004"
tt0293508,"January 12, 2005"
tt0360717,"December 10, 2005"
tt0822854,"April 18, 2007"
tt0167404,"January 5, 2000"
tt0265086,"February 20, 2002"
tt1663202,"January 18, 2016"
tt13818368,"January 25, 2024"
tt0381061,"November 17, 2006"
tt0078788,"May 19, 1979"
tt1951265,"November 19, 2014"
tt0467406,"February 6, 2008"
tt10288566,"October 11, 2020"
tt0097967,No date found
tt16139258,"March 15, 2024"
tt27155038,"June 15, 2023"
tt1684562,"May 1, 2024"
tt0056264,"December 21, 1962"
tt0116282,"May 14, 1996"
tt0332379,"March 24, 2004"
tt0317919,"May 3, 2006"
tt1099212,"January 7, 2009"
tt0805564,"December 24, 2008"
tt13751694,"December 1, 2023"
tt2906216,"April 12, 2023"
tt0094625,"June 14, 1989"
tt0119488,"May 14, 1997"
tt5013056,"July 19, 2017"
tt1371111,"February 2, 2013"
tt1325004,"July 7, 2010"
tt0102798,"August 7, 1991"
tt5692390,"July 18, 2018"
tt0101545,"April 21, 1993"
tt0116483,"January 6, 2004"
tt0079367,"July 2, 1980"
tt11858890,"September 26, 2023"
tt1488606,"March 13, 2019"
tt0371724,"August 17, 2005"
tt1716772,"December 21, 2011"
tt8790086,No date found
tt2854926,"September 21, 2018"
tt1877832,"May 21, 2014"
tt0118583,"November 6, 1997"
tt8613070,"May 19, 2019"
tt16431966,"June 24, 2023"
tt0370263,"October 27, 2004"
tt0898367,"December 2, 2009"
tt0452625,"December 26, 2007"
tt26533869,No date found
tt0080453,"January 28, 1981"
tt14371878,"January 12, 2024"
tt0093870,"January 1, 1988"
tt9100054,"October 10, 2021"
tt4649466,"October 5, 2017"
tt0081505,"October 16, 1980"
tt16578828,No date found
tt0212720,"September 8, 2001"
tt0108002,"September 26, 2000"
tt2402927,"May 17, 2015"
tt10370710,"July 8, 2021"
tt14351082,"March 20, 2024"
tt0097815,"November 8, 1989"
tt2404311,"October 23, 2013"
tt9110170,"June 3, 2021"
tt0198781,"March 20, 2002"
tt1098327,"April 1, 2009"
tt7069210,"June 9, 2021"
tt1242460,"May 12, 2011"
tt6906292,"August 23, 2023"
tt10403420,"January 11, 2023"
tt1488555,"September 4, 2011"
tt2379713,"November 11, 2015"
tt23736044,"May 17, 2023"
tt1560747,"January 9, 2013"
tt4425200,"February 22, 2017"
tt0075686,"September 7, 1977"
tt6587640,"October 14, 2020"
tt1878870,"April 19, 2017"
tt26217622,"November 16, 2023"
tt0086200,"March 21, 1984"
tt11291274,"April 20, 2022"
tt0106220,"December 22, 1993"
tt0110475,"October 26, 1994"
tt1245492,"October 9, 2013"
tt0411477,"October 29, 2008"
tt19883634,"May 26, 2023"
tt0408306,"January 25, 2006"
tt13650742,No date found
tt0099077,"February 20, 1991"
tt1530509,"January 1, 2016"
tt9619824,No date found
tt0206634,"October 18, 2006"
tt2872732,"August 6, 2014"
tt0114388,"February 28, 1996"
tt11317142,"September 11, 2020"
tt3532216,"September 1, 2017"
tt1772341,"December 5, 2012"
tt1210166,"November 16, 2011"
tt1935859,"October 5, 2016"
tt0227538,"July 18, 2001"
tt13452446,"March 8, 2024"
tt7097896,"October 20, 2021"
tt2186812,"January 19, 2013"
tt0114148,"November 22, 1995"
tt3104988,"November 7, 2018"
tt0093058,"October 21, 1987"
tt0241303,"February 28, 2001"
tt0413267,"June 13, 2007"
tt5083738,"October 20, 2018"
tt4857264,"August 11, 2017"
tt5700672,"May 13, 2016"
tt0119116,"May 7, 1997"
tt0914798,"August 12, 2009"
tt0057012,"April 10, 1964"
tt13560574,"November 2, 2022"
tt0277371,"May 29, 2002"
tt15333984,"February 10, 2023"
tt27116149,"March 1, 2024"
tt0399295,"November 29, 2005"
tt0133751,"June 2, 1999"
tt0094721,"December 14, 1988"
tt13833688,"March 8, 2023"
tt0803096,"May 24, 2016"
tt4547948,No date found
tt7984734,"May 19, 2019"
tt1119646,"June 24, 2009"
tt0245844,"April 17, 2002"
tt0089469,"August 28, 1985"
tt0071853,"December 3, 1975"
tt14827638,No date found
tt1907668,"January 15, 2013"
tt0887883,"November 15, 2008"
tt8178634,"March 25, 2022"
tt0808279,"April 23, 2008"
tt1371150,"April 1, 2015"
tt4565520,"February 19, 2018"
tt0852713,"October 8, 2008"
tt0115736,"November 6, 1996"
tt28769440,"March 27, 2024"
tt0110322,"April 5, 1995"
tt0099871,"January 16, 1991"
tt15296186,"December 25, 2023"
tt2294629,"November 20, 2013"
tt0087985,"January 16, 1985"
tt6139732,"May 8, 2019"
tt0873886,"September 12, 2011"
tt18412256,"August 14, 2024"
tt0120804,"April 3, 2002"
tt0113568,"January 29, 1997"
tt2381991,"April 20, 2016"
tt8550054,"September 4, 2021"
tt0363547,"May 15, 2004"
tt0163651,"December 8, 1999"
tt1964418,"May 20, 2015"
tt1446714,"April 11, 2012"
tt0096256,February 1989
tt21308888,"July 27, 2023"
tt0147800,"July 19, 2000"
tt2543472,"December 20, 2017"
tt1010271,No date found
tt2180339,"March 18, 2022"
tt0113497,"February 14, 1996"
tt1860213,"February 3, 2016"
tt1216475,"July 10, 2011"
tt1288558,"May 1, 2013"
tt2911666,"October 29, 2014"
tt1482459,"June 10, 2012"
tt16311464,"February 2, 2024"
tt14729020,No date found
tt8376234,"June 30, 2021"
tt0401729,"March 7, 2012"
tt3040964,"April 13, 2016"
tt0118971,"January 14, 1998"
tt11755740,"February 18, 2022"
tt0387808,"April 25, 2007"
tt3513548,"February 19, 2020"
tt0398165,"November 23, 2005"
tt4682266,"August 26, 2020"
tt0848228,"April 25, 2012"
tt1781922,"September 2, 2015"
tt0075784,"August 24, 1977"
tt21027780,"May 23, 2023"
tt0837562,"February 13, 2013"
tt0118929,May 1998
tt0078869,"October 3, 1980"
tt1446192,"November 28, 2012"
tt0117665,"October 30, 1996"
tt1931533,"January 30, 2013"
tt0211915,"April 25, 2001"
tt0281358,"November 27, 2002"
tt29722855,"January 26, 2024"
tt0104868,"March 24, 1993"
tt3606756,"June 15, 2018"
tt0119099,"March 18, 1998"
tt6018306,"January 17, 2018"
tt0454841,"June 21, 2006"
tt0458481,"September 17, 2014"
tt8579674,"January 15, 2020"
tt2557478,"March 21, 2018"
tt0424774,"August 17, 2005"
tt14641788,"November 4, 2022"
tt10638522,"July 26, 2023"
tt0438488,"June 3, 2009"
tt1922777,"October 31, 2012"
tt2404425,"June 14, 2015"
tt0371746,"April 30, 2008"
tt2278388,"February 26, 2014"
tt0061452,"December 22, 1967"
tt0800369,"April 27, 2011"
tt0098384,"March 7, 1990"
tt0319061,"March 3, 2004"
tt8364368,"July 24, 2019"
tt2948356,"February 17, 2016"
tt0108037,"December 19, 2012"
tt0110912,"May 21, 1994"
tt0120794,"December 16, 1998"
tt7784604,"June 13, 2018"
tt5535276,"December 20, 2023"
tt0389790,"December 12, 2007"
tt0311113,"December 31, 2003"
tt1155076,"August 18, 2010"
tt0276919,"May 19, 2003"
tt0034583,"May 23, 1947"
tt0215750,"March 14, 2001"
tt14753612,"March 22, 2024"
tt0064665,"October 15, 1969"
tt1939659,"December 4, 2013"
tt2543164,"December 7, 2016"
tt5613018,No date found
tt30144839,No date found
tt0063442,"April 25, 1968"
tt1563738,"August 24, 2011"
tt1441395,"June 15, 2014"
tt19364132,No date found
tt6105098,"July 17, 2019"
tt0089457,"March 27, 1985"
tt0070917,"January 10, 2007"
tt0074256,"May 27, 1976"
tt9770150,"October 13, 2020"
tt1386697,"August 3, 2016"
tt0098635,"September 4, 1989"
tt4633694,"December 12, 2018"
tt2980516,"January 21, 2015"
tt9907782,No date found
tt0317219,"June 14, 2006"
tt0396269,"August 10, 2005"
tt0107362,"August 11, 1993"
tt0460740,"October 5, 2006"
tt7181546,No date found
tt0160862,"June 30, 1999"
tt10539608,"December 23, 2020"
tt17024450,"August 30, 2023"
tt0258463,"September 6, 2002"
tt0410297,"July 26, 2006"
tt0770828,"June 19, 2013"
tt0099810,"August 29, 1990"
tt1078588,"September 9, 2009"
tt0111257,"August 24, 1994"
tt0047677,"April 14, 1954"
tt0475944,"December 13, 2006"
tt9214832,"June 30, 2020"
tt1121931,"October 21, 2009"
tt4998632,"March 20, 2022"
tt8847712,"July 12, 2021"
tt0058461,"March 25, 1966"
tt0120647,"May 27, 1998"
tt1959490,"April 1, 2014"
tt7653254,"October 19, 2019"
tt1706620,"September 7, 2013"
tt0945513,"April 1, 2011"
tt2231461,"May 2, 2018"
tt1485796,"January 24, 2018"
tt1322269,"February 26, 2014"
tt1798684,"July 22, 2015"
tt0084516,"October 20, 1982"
tt2935510,"September 18, 2019"
tt0942385,"October 15, 2008"
tt1843866,"March 17, 2014"
tt3224458,"April 22, 2020"
tt0349903,"December 15, 2004"
tt0111756,"August 31, 1994"
tt0102492,"June 24, 1992"
tt2584384,"January 29, 2020"
tt0090142,"August 13, 1986"
tt11127680,"January 19, 2022"
tt17279496,"April 17, 2024"
tt1483013,"April 10, 2013"
tt3567288,"August 31, 2015"
tt4846340,"March 8, 2017"
tt0245429,"April 10, 2002"
tt3468380,No date found
tt0107207,"March 9, 1994"
tt0120338,"January 7, 1998"
tt7959026,"January 23, 2019"
tt27682129,No date found
tt0050083,"September 4, 1957"
tt1343092,"May 15, 2013"
tt8009428,"June 8, 2022"
tt0099674,"March 27, 1991"
tt0119528,"June 25, 1997"
tt1457767,"August 21, 2013"
tt0089560,May 1985
tt0372183,"September 5, 2004"
tt3778644,"May 15, 2018"
tt9419884,"May 4, 2022"
tt5177120,No date found
tt12263384,"June 16, 2023"
tt0203119,"January 17, 2001"
tt0115685,"May 1, 1996"
tt0325980,"August 13, 2003"
tt1253864,"November 23, 2011"
tt0466909,"June 6, 2006"
tt0765010,"February 3, 2010"
tt0097428,"December 15, 1989"
tt0084434,"January 16, 1983"
tt12789558,"March 2, 2022"
tt1637725,"September 8, 2012"
tt0103893,"December 6, 2002"
tt7991608,"November 12, 2021"
tt2382009,"January 29, 2014"
tt0103064,"October 16, 1991"
tt1029234,May 2008
tt5463162,"May 16, 2018"
tt6911608,"July 25, 2018"
tt8760708,"December 28, 2022"
tt1302011,"June 15, 2011"
tt0780504,"May 20, 2011"
tt20355484,No date found
tt0112641,"March 13, 1996"
tt1196141,"October 27, 2010"
tt1250777,"April 21, 2010"
tt0804497,"May 9, 2012"
tt15791034,"October 26, 2022"
tt10268488,"September 30, 2022"
tt1399683,"September 5, 2010"
tt0361467,"August 3, 2005"
tt8695030,"May 14, 2019"
tt8367814,"February 5, 2020"
tt0482571,"November 8, 2006"
tt24082438,"February 25, 2024"
tt0339291,"December 22, 2004"
tt31868189,No date found
tt3228774,"June 23, 2021"
tt0418763,"January 11, 2006"
tt0175142,"October 25, 2000"
tt0372784,"June 14, 2005"
tt14369780,"December 2, 2022"
tt1197624,"April 10, 2010"
tt0110367,"May 3, 1995"
tt6654210,"October 3, 2021"
tt16426418,"April 24, 2024"
tt0047296,"January 14, 1955"
tt0242653,"November 5, 2003"
tt2872718,"November 19, 2014"
tt0295700,"July 30, 2003"
tt8323668,"June 17, 2022"
tt3605418,"September 5, 2015"
tt0138097,"March 10, 1999"
tt0080761,"February 11, 1981"
tt4566758,"December 4, 2020"
tt19623240,No date found
tt7349950,"September 11, 2019"
tt3811906,"September 1, 2021"
tt2083383,"November 21, 2012"
tt1974419,"May 20, 2016"
tt14030816,No date found
tt0450259,"January 31, 2007"
tt4046784,"September 29, 2015"
tt0479884,"March 14, 2007"
tt17076046,"January 10, 2024"
tt0097523,"February 7, 1990"
tt0086320,No date found
tt2177771,"March 12, 2014"
tt0103776,"July 15, 1992"
tt0085970,"May 30, 1984"
tt21192142,"November 21, 2023"
tt0144084,"June 7, 2000"
tt7752126,"June 26, 2019"
tt1630029,"December 14, 2022"
tt0088258,"November 1, 2000"
tt0071615,May 1973
tt2381941,"March 25, 2015"
tt10954652,"July 21, 2021"
tt0485947,"January 13, 2010"
tt1637688,"November 23, 2011"
tt9411972,"August 17, 2022"
tt0112471,"March 29, 1995"
tt2752200,"May 16, 2013"
tt0119282,"November 26, 1997"
tt4520988,"November 20, 2019"
tt0250494,"December 12, 2001"
tt1131734,"October 21, 2009"
tt9071322,"February 26, 2020"
tt0119081,"May 6, 1998"
tt0091251,"September 16, 1987"
tt14439896,"August 29, 2022"
tt0059578,"September 30, 1966"
tt0117381,"June 5, 1996"
tt21335356,No date found
tt0092086,"July 1, 1987"
tt5606664,"October 30, 2019"
tt2312718,"January 8, 2014"
tt0113118,"March 7, 2001"
tt0099487,"April 10, 1991"
tt0455967,"November 1, 2006"
tt1650554,"August 21, 2013"
tt0887261,"October 11, 2023"
tt2316411,"August 27, 2014"
tt0110366,"February 22, 1995"
tt8093700,"September 28, 2022"
tt3741834,"October 10, 2016"
tt1879030,"September 14, 2011"
tt0075005,"November 17, 1976"
tt0083944,"March 2, 1983"
tt8179024,"August 25, 2020"
tt0091278,"June 25, 1986"
tt0240772,"February 6, 2002"
tt0358082,"April 6, 2005"
tt3682448,"December 2, 2015"
tt0112384,"November 8, 1995"
tt0417741,"July 15, 2009"
tt0397535,"March 1, 2006"
tt7945440,"October 6, 2020"
tt0230600,"October 22, 2001"
tt0090060,"September 25, 1985"
tt0102685,"August 28, 1991"
tt14407336,"February 7, 2024"
tt0302640,"July 2, 2004"
tt0139699,"August 11, 1999"
tt15009428,"January 31, 2024"
tt0316396,"February 1, 2004"
tt0099329,"May 23, 1990"
tt0082010,"November 4, 1981"
tt0120890,"June 24, 1998"
tt1397514,"February 15, 2012"
tt0163025,"August 8, 2001"
tt0120586,"March 3, 1999"
tt0448115,"April 3, 2019"
tt4332232,"October 11, 2019"
tt3731562,"March 8, 2017"
tt1727824,"October 31, 2018"
tt0103874,"January 13, 1993"
tt0107614,"February 9, 1994"
tt2737304,"December 21, 2018"
tt4244994,"October 13, 2021"
tt0167260,"December 17, 2003"
tt5112584,"October 9, 2024"
tt0120812,"January 27, 1999"
tt0453467,"December 13, 2006"
tt1758830,"March 13, 2013"
tt0029583,"May 6, 1938"
tt5834410,No date found
tt1502712,"August 5, 2015"
tt21383812,"March 29, 2024"
tt0091419,"June 3, 1987"
tt0327597,"June 10, 2009"
tt0250797,"June 5, 2002"
tt12349832,No date found
tt0083131,"March 31, 1982"
tt0085549,"September 14, 1983"
tt13403046,"March 4, 2022"
tt1661199,"March 25, 2015"
tt8310486,No date found
tt1649418,"July 16, 2022"
tt27403986,No date found
tt0441773,"May 15, 2008"
tt0056193,"November 5, 1962"
tt3890160,"July 19, 2017"
tt14914430,"May 3, 2024"
tt0217505,"January 8, 2003"
tt5302918,"November 3, 2023"
tt2798920,"March 12, 2018"
tt6689014,"September 4, 2023"
tt28566478,"February 9, 2024"
tt0407887,"November 29, 2006"
tt1211837,"October 26, 2016"
tt1228705,"April 28, 2010"
tt1490017,"February 19, 2014"
tt0080491,"July 2, 1980"
tt2304933,"January 27, 2016"
tt0107822,"May 15, 1993"
tt5834426,"February 9, 2022"
tt3385516,"May 18, 2016"
tt7395114,"September 16, 2020"
tt0286716,"July 2, 2003"
tt4062536,"May 17, 2015"
tt0289879,"March 10, 2004"
tt0120623,"February 10, 1999"
tt0325710,"January 14, 2004"
tt0159097,"May 19, 1999"
tt10160976,"September 13, 2023"
tt1655389,"September 9, 2022"
tt1065073,"July 23, 2014"
tt0478304,"May 16, 2011"
tt0060196,"March 8, 1968"
tt0213149,"June 6, 2001"
tt1411697,"May 25, 2011"
tt0101587,"September 4, 1991"
tt0167190,"August 11, 2004"
tt4154796,"April 24, 2019"
tt17527468,No date found
tt1489887,"May 24, 2019"
tt19864828,"May 29, 2024"
tt0120524,"June 10, 1998"
tt0203009,"May 9, 2001"
tt0087800,"March 6, 1985"
tt0073486,"March 1, 1976"
tt0109831,"April 27, 1994"
tt31176520,No date found
tt14513804,No date found
tt1289401,"August 10, 2016"
tt15428134,"December 21, 2023"
tt7286456,"October 4, 2019"
tt3183660,"November 16, 2016"
tt7846844,"September 23, 2020"
tt0077416,"March 7, 1979"
tt0101862,"June 17, 1992"
tt5867314,"April 23, 2021"
tt0416236,"April 16, 2008"
tt0094006,"August 5, 1987"
tt0322330,"December 24, 2003"
tt0105695,"September 6, 1992"
tt0396171,"October 4, 2006"
tt3580748,No date found
tt0081398,"March 11, 1981"
tt7549892,"December 6, 2018"
tt0373889,"July 4, 2007"
tt1049413,"May 13, 2009"
tt1305806,"April 8, 2010"
tt0113540,May 1995
tt0117060,September 1996
tt0088015,No date found
tt7598076,"April 3, 2019"
tt0117705,"February 5, 1997"
tt28172032,No date found
tt2481498,"May 3, 2019"
tt3065204,"June 29, 2016"
tt13622970,"December 10, 2024"
tt1232200,"March 29, 2016"
tt0948470,"July 4, 2012"
tt1981677,"May 8, 2013"
tt1899353,"March 10, 2012"
tt2562232,"February 25, 2015"
tt1334260,"February 8, 2011"
tt0482606,"February 18, 2009"
tt0066993,"October 29, 1971"
tt0088847,"September 11, 1985"
tt0910936,"December 3, 2008"
tt13069986,"October 22, 2021"
tt27145269,No date found
tt0078346,"January 26, 1979"
tt27487473,"March 29, 2024"
tt9185206,"April 28, 2023"
tt1187043,"December 24, 2009"
tt2531344,"August 1, 2018"
tt6528290,"May 24, 2023"
tt0093507,"December 9, 1987"
tt0116583,"November 27, 1996"
tt0093779,"March 9, 1988"
tt14257582,No date found
tt0457510,"November 1, 2006"
tt1200263,"January 24, 2024"
tt1677720,"March 28, 2018"
tt0090305,"February 5, 1986"
tt8772262,"July 31, 2019"
tt0320691,"September 24, 2003"
tt2582802,"May 20, 2014"
tt0367594,"July 13, 2005"
tt0758758,"January 9, 2008"
tt1017460,"January 30, 2010"
tt1564367,"March 23, 2011"
tt0367882,"May 18, 2008"
tt0490215,"February 8, 2017"
tt6673612,"February 5, 2020"
tt0120783,"March 31, 1999"
tt0057115,"August 23, 1963"
tt4123432,"April 13, 2022"
tt21276958,No date found
tt0094226,September 1987
tt0113720,"January 29, 2020"
tt0098621,"March 7, 1990"
tt0364569,"May 15, 2004"
tt1631867,"May 28, 2014"
tt0074102,"May 15, 1976"
tt0091203,January 1986
tt0081070,"May 17, 1980"
tt0045920,"December 16, 1953"
tt3581652,"December 8, 2021"
tt1060277,"January 23, 2008"
tt4178092,"November 6, 2015"
tt2271565,No date found
tt0103074,"May 20, 1991"
tt0100157,"February 13, 1991"
tt1499658,"August 17, 2011"
tt2404435,"September 28, 2016"
tt2101441,"February 18, 2013"
tt1937390,"January 1, 2014"
tt8115900,"April 6, 2022"
tt0361862,July 2004
tt16419074,"May 12, 2023"
tt10640346,"January 14, 2023"
tt0230011,"November 28, 2001"
tt13603966,"August 11, 2023"
tt14998742,"December 22, 2023"
tt0800320,"April 7, 2010"
tt0079470,"April 8, 1980"
tt0290673,"May 22, 2002"
tt0796366,"May 6, 2009"
tt10172266,"August 11, 2023"
tt20221690,"April 12, 2024"
tt1205489,"February 25, 2009"
tt0314331,"December 3, 2003"
tt13274016,"September 29, 2023"
tt0078480,"December 20, 1978"
tt0053125,"October 21, 1959"
tt0464154,"September 1, 2010"
tt1045658,"January 30, 2013"
tt4034228,"October 13, 2016"
tt11304740,"November 29, 2023"
tt0910970,"July 17, 2008"
tt1981128,"November 1, 2017"
tt1825683,"February 14, 2018"
tt0119822,"February 18, 1998"
tt0118715,"April 22, 1998"
tt0780536,"June 25, 2008"
tt1087461,"November 2, 2012"
tt0099785,"December 19, 1990"
tt0376994,"May 22, 2006"
tt5795232,No date found
tt1389072,"January 10, 2018"
tt0064116,"August 27, 1969"
tt0117951,"May 13, 1996"
tt0250468,"June 5, 2002"
tt0133240,"November 5, 2002"
tt1951266,"November 9, 2015"
tt0251736,"May 15, 2003"
tt10720352,No date found
tt1467304,"October 30, 2009"
tt1392214,"October 9, 2013"
tt3659388,"October 21, 2015"
tt8110232,"November 3, 2021"
tt1284575,"July 27, 2011"
tt2503944,"November 4, 2015"
tt1193138,"January 27, 2010"
tt17505010,"May 19, 2024"
tt1340800,"February 8, 2012"
tt0085244,"March 7, 1984"
tt0044081,"March 28, 1952"
tt16366836,No date found
tt5758778,"July 11, 2018"
tt0434409,"April 19, 2006"
tt9214772,"April 17, 2024"
tt1409024,"May 23, 2012"
tt0086879,"October 31, 1984"
tt0071569,"June 25, 1975"
tt0493464,"July 16, 2008"
tt0082340,"June 24, 1981"
tt1727770,"August 12, 2015"
tt5027774,"October 21, 2017"
tt0013442,"October 27, 1922"
tt0295297,"December 4, 2002"
tt3062096,"November 9, 2016"
tt0120363,"February 2, 2000"
tt0091635,"April 16, 1986"
tt0427327,"August 22, 2007"
tt0105323,"March 24, 1993"
tt10838180,"December 22, 2021"
tt1132620,"May 13, 2009"
tt7401588,"February 27, 2019"
tt1972591,"May 17, 2017"
tt2866360,"March 18, 2017"
tt0462322,"August 14, 2007"
tt0108255,"June 23, 1993"
tt4686844,"April 4, 2018"
tt10366460,"August 13, 2021"
tt12818328,No date found
tt0120866,"February 14, 2001"
tt11235772,"September 10, 2021"
tt10545296,"November 15, 2023"
tt1587310,"May 28, 2014"
tt0093409,"August 5, 1987"
tt16431870,"December 15, 2023"
tt1679335,"October 19, 2016"
tt1524930,"August 19, 2015"
tt14509110,"September 22, 2023"
tt0837563,"April 10, 2019"
tt0241527,"December 5, 2001"
tt0172156,"October 15, 2003"
tt0174931,"December 25, 2000"
tt5648882,"October 13, 2023"
tt5033998,"December 25, 2019"
tt0056241,"October 10, 1962"
tt0171804,"December 8, 1999"
tt5052448,"April 1, 2017"
tt1022603,"September 6, 2009"
tt0337563,"August 4, 2004"
tt6604188,No date found
tt1628841,"July 20, 2016"
tt0105236,"May 13, 1992"
tt1791528,"March 4, 2015"
tt8332922,"June 16, 2021"
tt10098448,No date found
tt0377092,"January 26, 2005"
tt1606389,"May 16, 2012"
tt12121582,"May 18, 2022"
tt8368406,"May 18, 2019"
tt1464335,"February 16, 2022"
tt0268978,"February 13, 2002"
tt1041829,"September 12, 2009"
tt1033575,"January 25, 2012"
tt16304446,"October 13, 2023"
tt9664108,"May 26, 2021"
tt2378507,"September 9, 2017"
tt5884052,"May 3, 2019"
tt1646987,"March 28, 2012"
tt3480822,"July 7, 2021"
tt15255876,"September 9, 2022"
tt13345606,"April 19, 2023"
tt0451279,"June 7, 2017"
tt5755238,"November 21, 2023"
tt23709962,No date found
tt20114686,No date found
tt0079912,No date found
tt1632708,"September 7, 2011"
tt0081283,"March 11, 1981"
tt0104014,"December 31, 2014"
tt1856080,"March 28, 2024"
tt7740496,"January 19, 2022"
tt0109444,"October 19, 1994"
tt10016180,"April 7, 2021"
tt10671440,No date found
tt23137904,No date found
tt3079380,"June 15, 2015"
tt0266543,"September 13, 2003"
tt0088000,No date found
tt1408101,"June 12, 2013"
tt1723811,"December 7, 2011"
tt31713069,No date found
tt0256415,"December 11, 2002"
tt0072890,"January 30, 1976"
tt5198890,No date found
tt10353588,No date found
tt1856101,"October 4, 2017"
tt1895587,"January 27, 2016"
tt1504320,"February 2, 2011"
tt3359350,"March 21, 2024"
tt9484998,"February 12, 2021"
tt12444168,No date found
tt1242432,"September 13, 2011"
tt3606752,"August 2, 2017"
tt8503618,"July 3, 2020"
tt15339570,No date found
tt0106308,January 1993
tt1291584,"September 14, 2011"
tt2321549,"April 19, 2014"
tt27459160,"February 9, 2024"
tt0756683,"July 5, 2011"
tt0949731,"June 11, 2008"
tt5177088,"November 14, 2018"
tt0095647,"March 29, 1989"
tt1596363,"December 23, 2015"
tt0399201,"August 17, 2005"
tt2527338,"December 18, 2019"
tt16253418,"February 27, 2024"
tt15326988,"April 21, 2023"
tt6679794,"November 9, 2018"
tt0936501,"February 16, 2008"
tt2126355,"May 27, 2015"
tt16280912,No date found
tt0087277,"May 9, 1984"
tt4555426,"December 2, 2017"
tt31036941,No date found
tt0449467,"May 23, 2006"
tt9663764,"December 20, 2023"
tt12758060,"March 31, 2023"
tt1318514,"August 10, 2011"
tt0840361,"September 15, 2010"
tt0090685,"March 4, 1987"
tt0175880,"March 1, 2000"
tt0159365,"February 18, 2004"
tt0106856,"May 22, 1993"
tt0381707,"October 20, 2004"
tt0100403,"April 30, 1991"
tt12361974,"March 18, 2021"
tt0160127,"November 22, 2000"
tt0089393,"July 24, 1985"
tt0443272,"January 30, 2013"
tt4281724,"January 4, 2023"
tt0093565,"April 6, 1988"
tt10548174,No date found
tt0118571,"September 6, 1997"
tt0263488,"July 3, 2002"
tt21688772,"March 10, 2024"
tt0093629,June 1987
tt1462759,No date found
tt14138650,"January 6, 2023"
tt0072271,"May 17, 1975"
tt0461770,"November 28, 2007"
tt0100758,"December 12, 1990"
tt0369339,"August 30, 2004"
tt0082198,"April 7, 1982"
tt0120780,"September 10, 1998"
tt1392170,"March 21, 2012"
tt0120667,"July 20, 2005"
tt3748528,"December 14, 2016"
tt0114746,"February 28, 1996"
tt3427252,"May 31, 2023"
tt20597364,No date found
tt6738136,"December 9, 2017"
tt0087928,"September 5, 1984"
tt2016303,No date found
tt0120601,"December 8, 1999"
tt2713180,"October 22, 2014"
tt6565702,"June 5, 2019"
tt1273235,"September 10, 2010"
tt0105417,"November 25, 1992"
tt0353969,"May 16, 2003"
tt13655120,"September 2, 2023"
tt0398286,"December 1, 2010"
tt12276028,No date found
tt0993840,"May 21, 2021"
tt0426883,"March 28, 2007"
tt12747748,"December 8, 2023"
tt0095016,"September 21, 1988"
tt5109280,"June 4, 2021"
tt0096895,"September 1, 1989"
tt6450804,"October 23, 2019"
tt0117509,"April 9, 1997"
tt0455944,"October 1, 2014"
tt0076740,"November 15, 1978"
tt1024648,"November 7, 2012"
tt0110357,"October 3, 1994"
tt0259711,"January 23, 2002"
tt0217869,"December 27, 2000"
tt1213641,"October 17, 2018"
tt0448134,"April 11, 2007"
tt0389860,"October 4, 2006"
tt3554046,"July 21, 2021"
tt0096463,"March 8, 1989"
tt0116629,"October 2, 1996"
tt0093894,"March 16, 1988"
tt2234155,"June 26, 2013"
tt0162661,"February 9, 2000"
tt7657566,"February 9, 2022"
tt1488589,"October 22, 2022"
tt0082933,"May 25, 1981"
tt17009348,"September 27, 2023"
tt0389722,"January 9, 2008"
tt14153080,No date found
tt1212428,"March 15, 2017"
tt7975244,"December 4, 2019"
tt0437086,"February 8, 2019"
tt2980592,"November 18, 2015"
tt1365519,"March 14, 2018"
tt0114214,"May 28, 1995"
tt0117500,"July 31, 1996"
tt0454848,"April 8, 2006"
tt28490044,"January 8, 2024"
tt18077924,No date found
tt0101757,"July 22, 1992"
tt0095765,"May 21, 1989"
tt0111503,"October 12, 1994"
tt23561236,"February 26, 2024"
tt7040874,"September 18, 2018"
tt6513120,"August 7, 2019"
tt7740510,"October 15, 2021"
tt16987390,No date found
tt26745657,No date found
tt1375670,"September 8, 2010"
tt5971474,"May 24, 2023"
tt4846232,"May 25, 2017"
tt0870154,"July 28, 2021"
tt0190138,"May 10, 2000"
tt11152168,No date found
tt0090196,No date found
tt1448754,"November 29, 2023"
tt8338762,"September 10, 2020"
tt21867434,No date found
tt22773644,No date found
tt8228288,"March 20, 2020"
tt0375679,"September 5, 2005"
tt3014866,"May 4, 2016"
tt4126476,"April 17, 2019"
tt0114694,No date found
tt0059742,"February 17, 1966"
tt0093693,"July 26, 1989"
tt5246700,"July 13, 2018"
tt1655441,"May 22, 2015"
tt0098067,"November 15, 1989"
tt11315808,"October 2, 2024"
tt3766354,"August 15, 2018"
tt0032138,"June 26, 1946"
tt5108870,"March 30, 2022"
tt0914863,"October 19, 2010"
tt0074285,January 1977
tt0317248,"May 18, 2002"
tt0074751,"September 8, 1976"
tt23621682,No date found
tt3402236,"December 13, 2017"
tt8244784,"June 22, 2020"
tt5439796,"October 25, 2017"
tt11138512,"May 11, 2022"
tt6146586,"May 22, 2019"
tt0210945,"April 18, 2001"
tt0120201,"January 21, 1998"
tt4172430,"March 24, 2016"
tt0360486,"February 7, 2005"
tt2180411,"January 28, 2015"
tt0099938,"February 13, 1991"
tt1469304,"June 21, 2017"
tt0758752,"December 2, 2010"
tt2527336,"December 13, 2017"
tt27419466,No date found
tt2382320,"October 6, 2021"
tt2049403,No date found
tt30180830,No date found
tt0405159,"March 23, 2005"
tt0454945,"September 27, 2006"
tt14824600,No date found
tt2381249,"August 12, 2015"
tt1748122,"May 16, 2012"
tt27489557,"May 29, 2024"
tt0106701,"August 18, 1993"
tt16300962,"September 29, 2023"
tt1201607,"July 13, 2011"
tt0092965,"March 16, 1988"
tt0118928,"April 2, 1997"
tt5113010,"March 29, 2024"
tt0332280,"September 5, 2004"
tt0960144,"August 27, 2008"
tt0094889,"February 8, 1989"
tt1179933,"March 16, 2016"
tt14077516,"March 22, 2024"
tt1462764,"May 18, 2023"
tt2494362,"May 11, 2016"
tt0078111,"May 24, 1978"
tt23060796,No date found
tt0478311,September 2007
tt0112573,"October 4, 1995"
tt27196021,No date found
tt0089881,"September 18, 1985"
tt0386588,"March 16, 2005"
tt31122323,No date found
tt2015349,No date found
tt15507128,"January 31, 2024"
tt7979580,"April 30, 2021"
tt1535109,"November 20, 2013"
tt0059245,"October 28, 1965"
tt6166392,"December 13, 2023"
tt0128853,"January 20, 1999"
tt0071562,"August 27, 1975"
tt0926084,"November 24, 2010"
tt0478970,"July 9, 2015"
tt0340855,"April 14, 2004"
tt30395619,"February 24, 2024"
tt0118880,"August 20, 1997"
tt0067328,"April 14, 1972"
tt0082971,"September 16, 1981"
tt0086984,"February 20, 1985"
tt0073629,"April 14, 1976"
tt0243155,"October 9, 2001"
tt7737786,"August 5, 2020"
tt0117913,"November 13, 1996"
tt1266029,"October 7, 2010"
tt0071360,"May 22, 1974"
tt5774060,"January 8, 2020"
tt0091605,"December 17, 1986"
tt0106977,"September 1, 1993"
tt11456054,"August 3, 2021"
tt0102057,"April 1, 1992"
tt6751668,"May 21, 2019"
tt16375956,No date found
tt0181689,"September 24, 2002"
tt0190590,"May 13, 2000"
tt22898462,No date found
tt0113627,"March 20, 1996"
tt0120611,"November 18, 1998"
tt0180093,"May 14, 2000"
tt2239822,"July 26, 2017"
tt0092005,"February 25, 1987"
tt0066999,"February 16, 1972"
tt15978956,No date found
tt12042730,No date found
tt0213847,"June 27, 2001"
tt13456318,"July 15, 2022"
tt11703710,"April 27, 2022"
tt5363618,"September 5, 2020"
tt6823368,"January 7, 2019"
tt20879602,"April 21, 2023"
tt0304141,"June 2, 2004"
tt0298203,"February 26, 2003"
tt1800241,"February 5, 2014"
tt15428940,No date found
tt2582496,"November 18, 2015"
tt1440129,"April 11, 2012"
tt0119177,"April 29, 1998"
tt0113247,"May 27, 1995"
tt15789472,"September 29, 2023"
tt14849194,"October 15, 2023"
tt0089880,"October 16, 1985"
tt14225838,"January 3, 2024"
tt0091763,"March 25, 1987"
tt28814949,"October 13, 2023"
tt0087843,"May 20, 1984"
tt0113277,"February 21, 1996"
tt0054331,"September 15, 1961"
tt1333125,"June 19, 2013"
tt0430922,"February 4, 2009"
tt5090568,"June 7, 2023"
tt17663992,"March 8, 2023"
